period_type,period,gross_sales,cancelled_value,net_revenue,orders,average_order_value,cancellation_rate,active_customers,new_customers,returning_customer_share,sales_without_customer_id,international_share,products_sold,sale_lines
month,2009-12,1258609.2897840869,30850.915391999988,1227758.3743920755,1666,755.467760974842,0.02451190821680049,951,951,0.0,0.1503758811429596,0.08903284461949498,3009,43320
month,2010-01,965837.9534628198,11776.284761999983,954061.6687008201,1049,920.7225485822877,0.012192816320562324,701,368,0.7041866952376161,0.1283435748321644,0.21101122650161433,2671,30178
month,2010-02,848498.722922425,19836.49905599998,828662.223866424,1189,713.6238207926199,0.02337834874715958,771,375,0.6655012956885186,0.07431005944574003,0.17085150927829215,2548,27817
month,2010-03,1201515.0144294465,15149.112989999994,1186365.9014394446,1647,729.5173129504836,0.012608342640806472,1051,441,0.6865982544225838,0.125681447156703,0.12249567723953089,2852,39610
month,2010-04,1019538.1861368107,15813.845123999989,1003724.3410128102,1435,710.479572220774,0.015510792375439232,939,294,0.7900807853425025,0.09470775711292749,0.14056796730923848,2566,32667
month,2010-05,1015044.3281220063,58668.064685999976,956376.2634360073,1484,683.992134853104,0.05779852471521637,965,255,0.8149356609513961,0.07887883242314529,0.14371864092862088,2536,33226
month,2010-06,1098790.323906021,41601.49580399998,1057188.8281020117,1612,681.6317145818989,0.037861177786962505,1034,267,0.7965204082509005,0.09729461028193745,0.137679348822641,2656,38211
month,2010-07,998485.2403680155,27025.168301999936,971460.0720660172,1507,662.5648575766526,0.0270661670392235,924,185,0.8810513118792632,0.08136938732720261,0.13063471090862008,2551,31943
month,2010-08,1063227.0995280172,19555.974239999992,1043671.1252880149,1402,758.3645503052904,0.0183930359268318,910,163,0.8982438425973903,0.11791113114559595,0.1393295170483905,2636,31953
month,2010-09,1371144.0990654796,43672.558907999985,1327471.5401574722,1789,766.4304634239685,0.031851181023034386,1136,239,0.8033190111381553,0.07328020028127022,0.16605085103686446,2669,40415
month,2010-10,1726363.3148521185,40146.51781799991,1686216.7970341134,2244,769.324115352994,0.023254964625704463,1492,375,0.8253472443618564,0.07571432364640848,0.1375062157587215,2786,56706
month,2010-11,2255210.0135269123,55365.13105199988,2199844.8824749533,2719,829.4262646292432,0.024549878157650876,1606,326,0.868917558452071,0.19145431928565487,0.1286568156888577,2951,74771
month,2010-12,1223491.9490640427,27679.994363999973,1195811.9547000357,1550,789.3496445574468,0.022623765023688836,884,76,0.952469849764215,0.2713104596837991,0.09077105211763557,2722,40826
month,2011-01,1057457.7905760081,144371.61386999968,913086.1767060091,1081,978.2218229195265,0.1365270700699637,739,72,0.9099440038084678,0.16065111048022304,0.18575544529772894,2527,33902
month,2011-02,801003.5149380101,13148.44924799998,787855.0656900106,1093,732.8485955517019,0.01641497072458857,757,125,0.9022431457801653,0.1290001905671987,0.17705252661840787,2346,26741
month,2011-03,1088143.3786740245,16569.48281999997,1071573.8958540182,1440,755.6551240791837,0.01522729738078358,973,179,0.8702948680672917,0.15466001354442319,0.1716064503737965,2451,35301
month,2011-04,812957.2430034179,52552.75304399997,760404.4899594142,1235,658.2649740918363,0.06464393237933058,853,106,0.912386447468405,0.1182377033248174,0.09718298195624515,2411,28743
month,2011-05,1167201.8622000124,14114.938001999975,1153086.9241980135,1668,699.7613082733887,0.012092970769764956,1054,111,0.9277182057849505,0.1090751845049604,0.16456629002112033,2408,35732
month,2011-06,1163425.5350520166,21632.21121599999,1141793.3238360148,1525,762.9019901980437,0.018593550308342522,990,108,0.873239359003085,0.1142878905765581,0.1796848300863989,2578,35512
month,2011-07,1085597.1884934295,17993.811923999972,1067603.376569425,1452,747.6564659045657,0.01657503548712339,946,101,0.9278370395026749,0.14038482246025158,0.16138812640546923,2634,38194
month,2011-08,1142379.1071000234,36164.37151799992,1106214.7355820246,1339,853.1584070948644,0.03165706663684061,933,107,0.9302704212609704,0.12248011471707362,0.20093501045612241,2552,34107
month,2011-09,1622072.5689894417,26785.261535999947,1595287.3074534433,1818,892.2291358577787,0.01651298594654571,1259,188,0.9007505631161347,0.0871010160402496,0.1480755441722544,2693,48696
month,2011-10,1740367.8979500977,65640.39352199987,1674727.5044280943,2005,868.013914189575,0.03771638950552626,1361,221,0.90234850206902,0.09153121152925679,0.17388234585023296,2798,58306
month,2011-11,2290567.746852022,39421.4974559999,2251146.249396057,2751,832.6309512366493,0.017210360841838333,1660,191,0.9296955920368386,0.2173256023254999,0.11793365155309203,2890,81727
month,2011-12,969297.9772080356,274611.7112640016,694686.265944012,816,1187.8651681471026,0.28330989821622526,614,28,0.9541661987761353,0.16641879753080116,0.0703193303490936,2433,24753
window,Dec 2011 (partial),969297.9772080356,274611.7112640016,694686.265944012,816,1187.8651681471026,0.28330989821622526,614,28,0.9541661987761353,0.16641879753080116,0.0703193303490936,2433,24753
window,Y1,14822263.586088346,379461.5681340029,14442802.017954605,19743,750.760451101066,0.025600783978106566,4239,4239,0.0,0.11336892311141825,0.14048279767280714,4073,480817
window,Y2,15194665.782883173,476074.7785200033,14718591.004363464,18957,801.5332480288639,0.031331704515429534,4293,1585,0.8239255029854863,0.1461401984055139,0.15359771376301584,3797,497787
